{
  "function_1": {
    "n_samples": 10,
    "n_dims": 2,
    "input_min": [
      0.082507,
      0.078723
    ],
    "input_max": [
      0.88389,
      0.879898
    ],
    "input_mean": [
      0.548817,
      0.539519
    ],
    "input_std": [
      0.245861,
      0.280817
    ],
    "output_min": -0.0036060626443634764,
    "output_max": 7.710875114502849e-16,
    "output_mean": -0.00036060626443627054,
    "output_std": 0.0010818187933090686,
    "output_quantiles": {
      "q05": -0.001983334454399912,
      "q25": -1.566819952674063e-91,
      "q50": 6.79372375723414e-80,
      "q75": 7.903833193127448e-47,
      "q95": 4.240981312976559e-16
    }
  },
  "function_2": {
    "n_samples": 10,
    "n_dims": 2,
    "input_min": [
      0.142699,
      0.028698
    ],
    "input_max": [
      0.877791,
      0.926564
    ],
    "input_mean": [
      0.538513,
      0.48793
    ],
    "input_std": [
      0.225016,
      0.303811
    ],
    "output_min": -0.06562362443733738,
    "output_max": 0.6112052157614438,
    "output_mean": 0.23067376631994235,
    "output_std": 0.22536450367310826,
    "output_quantiles": {
      "q05": -0.04232892160791398,
      "q25": 0.02701641613768254,
      "q50": 0.22979192705246562,
      "q75": 0.38893790782370347,
      "q95": 0.5787111221859071
    }
  },
  "function_3": {
    "n_samples": 15,
    "n_dims": 3,
    "input_min": [
      0.046809,
      0.219917,
      0.066089
    ],
    "input_max": [
      0.965995,
      0.94136,
      0.990882
    ],
    "input_mean": [
      0.409031,
      0.517677,
      0.402788
    ],
    "input_std": [
      0.265713,
      0.225051,
      0.274507
    ],
    "output_min": -0.3989255131463011,
    "output_max": -0.034835313350078584,
    "output_mean": -0.10716697472812112,
    "output_std": 0.08421399358525467,
    "output_quantiles": {
      "q05": -0.21170007999284268,
      "q25": -0.11299535762560445,
      "q50": -0.10596503573558178,
      "q75": -0.052382977973079024,
      "q95": -0.035915073655166316
    }
  },
  "function_4": {
    "n_samples": 30,
    "n_dims": 4,
    "input_min": [
      0.037825,
      0.00625,
      0.042186,
      0.081517
    ],
    "input_max": [
      0.985622,
      0.919592,
      0.939178,
      0.999483
    ],
    "input_mean": [
      0.542872,
      0.477129,
      0.465693,
      0.474096
    ],
    "input_std": [
      0.289066,
      0.303718,
      0.257221,
      0.287497
    ],
    "output_min": -32.625660215962455,
    "output_max": -4.025542281908162,
    "output_mean": -17.23858735128667,
    "output_std": 7.01798521152638,
    "output_quantiles": {
      "q05": -29.191373424319337,
      "q25": -21.578590320775753,
      "q50": -16.040082439775908,
      "q75": -12.745905545432574,
      "q95": -7.271197998125166
    }
  },
  "function_5": {
    "n_samples": 20,
    "n_dims": 4,
    "input_min": [
      0.119879,
      0.038193,
      0.088947,
      0.07288
    ],
    "input_max": [
      0.836478,
      0.86254,
      0.879484,
      0.957644
    ],
    "input_mean": [
      0.460387,
      0.498557,
      0.477944,
      0.494719
    ],
    "input_std": [
      0.221453,
      0.266691,
      0.240548,
      0.300647
    ],
    "output_min": 0.1129397953712203,
    "output_max": 1088.8596181962705,
    "output_mean": 151.27187567901282,
    "output_std": 245.57598070645597,
    "output_quantiles": {
      "q05": 4.006000212260293,
      "q25": 22.89266113509992,
      "q50": 63.948431302362096,
      "q75": 140.4848092138821,
      "q95": 464.47509983106386
    }
  },
  "function_6": {
    "n_samples": 20,
    "n_dims": 5,
    "input_min": [
      0.021735,
      0.114404,
      0.016523,
      0.045613,
      0.004911
    ],
    "input_max": [
      0.95774,
      0.931871,
      0.978806,
      0.961656,
      0.892819
    ],
    "input_mean": [
      0.547765,
      0.56257,
      0.467217,
      0.534433,
      0.423745
    ],
    "input_std": [
      0.295342,
      0.276435,
      0.307308,
      0.273163,
      0.289673
    ],
    "output_min": -2.5711696316081234,
    "output_max": -0.7142649478202404,
    "output_mean": -1.4953899396939465,
    "output_std": 0.44899959039781934,
    "output_quantiles": {
      "q05": -2.1765378575500764,
      "q25": -1.7136389021860792,
      "q50": -1.446369908975912,
      "q75": -1.2278285965980067,
      "q95": -0.8234879720359906
    }
  },
  "function_7": {
    "n_samples": 30,
    "n_dims": 6,
    "input_min": [
      0.057896,
      0.011813,
      0.003635,
      0.073659,
      0.014944,
      0.0511
    ],
    "input_max": [
      0.942451,
      0.924694,
      0.924571,
      0.961017,
      0.998655,
      0.951014
    ],
    "input_mean": [
      0.510852,
      0.395803,
      0.389609,
      0.512819,
      0.467201,
      0.484704
    ],
    "input_std": [
      0.298837,
      0.248334,
      0.308763,
      0.306722,
      0.309443,
      0.264816
    ],
    "output_min": 0.0027014650245082332,
    "output_max": 1.3649683044991994,
    "output_mean": 0.21960657602342604,
    "output_std": 0.3021294180712925,
    "output_quantiles": {
      "q05": 0.00342374914847453,
      "q25": 0.017954467293517153,
      "q50": 0.07863143826515864,
      "q75": 0.2744310816705915,
      "q95": 0.6465143848017529
    }
  },
  "function_8": {
    "n_samples": 40,
    "n_dims": 8,
    "input_min": [
      0.009077,
      0.003419,
      0.022929,
      0.009043,
      0.009649,
      0.022113,
      0.035909,
      0.041956
    ],
    "input_max": [
      0.985945,
      0.97398,
      0.998885,
      0.902986,
      0.986902,
      0.990244,
      0.992914,
      0.988755
    ],
    "input_mean": [
      0.534609,
      0.47215,
      0.51597,
      0.430449,
      0.468951,
      0.460126,
      0.579196,
      0.50672
    ],
    "input_std": [
      0.306768,
      0.30581,
      0.278887,
      0.25819,
      0.277841,
      0.273887,
      0.254669,
      0.277808
    ],
    "output_min": 5.5921933895401965,
    "output_max": 9.598482002566342,
    "output_mean": 7.815274458164078,
    "output_std": 0.9469034630327874,
    "output_quantiles": {
      "q05": 6.374512359512834,
      "q25": 7.257810026473049,
      "q50": 7.889149881482876,
      "q75": 8.490139218408274,
      "q95": 9.191068697099533
    }
  }
}