{
  "function_1": {
    "best_y": 7.710875114502849e-16,
    "y_median": 6.79372375723414e-80,
    "y_std": 0.000996663063489224,
    "z_best": 7.736691964391455e-13,
    "acquisition": "ucb",
    "candidate_ei": 0.00026354712679204544,
    "candidate_ucb": 0.0016581641412297997,
    "candidate_min_dist": 0.00041138530898199456,
    "candidate_bound_dist": 0.08153701236165745,
    "best_score": -9.306962229158771e+87,
    "best_constant": 9.029785980368,
    "best_length_scale": 0.00012713678769275314,
    "best_noise_level": 0.0036513113695504605
  },
  "function_2": {
    "best_y": 0.6112052157614438,
    "y_median": 0.12685676262830464,
    "y_std": 0.2294439778386092,
    "z_best": 2.110966074140458,
    "acquisition": "ucb",
    "candidate_ei": 0.019053144687913463,
    "candidate_ucb": 0.8049459951974933,
    "candidate_min_dist": 0.01859959065277556,
    "candidate_bound_dist": 0.051363916014235844,
    "best_score": -0.4579961496261318,
    "best_constant": 3.5552207132083735,
    "best_length_scale": 0.09990049173364769,
    "best_noise_level": 0.0003872005655573626
  },
  "function_3": {
    "best_y": -0.034835313350078584,
    "y_median": -0.10596503573558178,
    "y_std": 0.10476662596064257,
    "z_best": 0.6789349349880212,
    "acquisition": "ucb",
    "candidate_ei": 0.02959442032714381,
    "candidate_ucb": 0.12232650055863821,
    "candidate_min_dist": 0.30386884518299767,
    "candidate_bound_dist": 0.054539441901217095,
    "best_score": -0.07558295821323935,
    "best_constant": 130.11530351538528,
    "best_length_scale": 0.9479411613624759,
    "best_noise_level": 0.0003889808365543737
  },
  "function_4": {
    "best_y": -0.12540360231016434,
    "y_median": -16.040082439775908,
    "y_std": 7.856305819928576,
    "z_best": 2.025720383376118,
    "acquisition": "ucb",
    "candidate_ei": 0.05618739559327228,
    "candidate_ucb": 0.45913058363339176,
    "candidate_min_dist": 0.1069554210226743,
    "candidate_bound_dist": 0.3598729855822036,
    "best_score": 0.7508335385301493,
    "best_constant": 0.27170595599373754,
    "best_length_scale": 0.13056288586220746,
    "best_noise_level": 0.005039251754128834
  },
  "function_5": {
    "best_y": 4665.965729200703,
    "y_median": 64.43179334147041,
    "y_std": 1290.709447854959,
    "z_best": 3.5651198986003867,
    "acquisition": "ei",
    "candidate_ei": 0.18888987613448216,
    "candidate_ucb": 4645.35436492092,
    "candidate_min_dist": 0.00032210767022167186,
    "candidate_bound_dist": 0.0,
    "best_score": -27.973611905035423,
    "best_constant": 449.1953281611574,
    "best_length_scale": 3.7109006261601403,
    "best_noise_level": 2.3484329963385184e-08
  },
  "function_6": {
    "best_y": -0.6185358348563227,
    "y_median": -1.446369908975912,
    "y_std": 0.4738024619128512,
    "z_best": 1.7472135344705257,
    "acquisition": "ucb",
    "candidate_ei": 0.10220373280205577,
    "candidate_ucb": -0.19788176601303087,
    "candidate_min_dist": 0.2772791615731868,
    "candidate_bound_dist": 0.0,
    "best_score": 0.43918286125069805,
    "best_constant": 70.25267575924275,
    "best_length_scale": 0.0002455514860801612,
    "best_noise_level": 0.007633536521090131
  },
  "function_7": {
    "best_y": 1.3649683044991994,
    "y_median": 0.07863143826515864,
    "y_std": 0.35397931475188077,
    "z_best": 3.6339323023315333,
    "acquisition": "ei",
    "candidate_ei": 0.023493726363024325,
    "candidate_ucb": 1.5430044571305244,
    "candidate_min_dist": 0.11274889508505635,
    "candidate_bound_dist": 0.06378420399861963,
    "best_score": 0.3669929736763133,
    "best_constant": 97.09449655699896,
    "best_length_scale": 0.5364732757707826,
    "best_noise_level": 0.0003041337402342484
  },
  "function_8": {
    "best_y": 9.7766499491995,
    "y_median": 7.889149881482876,
    "y_std": 0.9936801458668728,
    "z_best": 1.8995046600936114,
    "acquisition": "ucb",
    "candidate_ei": 0.14893064021223795,
    "candidate_ucb": 10.41411883252239,
    "candidate_min_dist": 0.7453213355760027,
    "candidate_bound_dist": 0.06687747638664854,
    "best_score": 0.8792212110920404,
    "best_constant": 0.21635332403948246,
    "best_length_scale": 0.10625402202673799,
    "best_noise_level": 0.12301072016660693
  }
}