{
  "_ingest_summary": {
    "skipped": true
  },
  "_config": {
    "seed": 20260218,
    "low": 0.001,
    "high": 0.98,
    "boundary_margin": 0.035,
    "round_index": -1,
    "inputs_path": "c:\\Users\\tom_m\\Downloads\\inputs.txt",
    "outputs_path": "c:\\Users\\tom_m\\Downloads\\outputs.txt",
    "strategy": "explore",
    "kappa": 3.2,
    "prefix": "round_04",
    "skip_ingest": true
  },
  "function_1": {
    "n_samples": 13,
    "n_dims": 2,
    "strategy": "explore",
    "ucb_kappa": 3.2,
    "best_y": 7.710875114502849e-16,
    "best_index": 2,
    "y_median": 3.6067711901420254e-81,
    "y_std": 0.0009609051869713588,
    "z_best": 8.024595161991443e-13,
    "acquisition": "ucb",
    "classification_threshold": 2.4919425872674548e-48,
    "n_good_labels": 4,
    "n_bad_labels": 9,
    "support_vectors_count": 10,
    "support_vectors_near_boundary": [
      {
        "sample_index": 4,
        "output": -0.0036060626443634764,
        "near_boundary_abs_decision": 0.5706594920848063
      },
      {
        "sample_index": 1,
        "output": 1.0330782375230975e-46,
        "near_boundary_abs_decision": 0.805274263719371
      },
      {
        "sample_index": 11,
        "output": 1.3540408067946364e-73,
        "near_boundary_abs_decision": 0.8734477588962686
      },
      {
        "sample_index": 0,
        "output": 1.3226770395454077e-79,
        "near_boundary_abs_decision": 0.8942821892242122
      }
    ],
    "top_observed_outputs": [
      7.710875114502849e-16,
      2.5350011535584046e-40,
      1.0330782375230975e-46
    ],
    "chosen_candidate_score": 1.034946528782546,
    "chosen_candidate_min_dist": 0.2501826141862825,
    "chosen_candidate_ei": 0.0002631454098208037,
    "chosen_candidate_ucb": 0.001638294378045622,
    "chosen_candidate_p_good": 0.2602272115817772,
    "chosen_candidate_grad_norm": 0.005713159288844032,
    "chosen_candidate_top_grad_dims_1_based": [
      2,
      1
    ],
    "chosen_candidate_top_grad_values": [
      -0.0052210696301637416,
      -0.0023196165581161675
    ],
    "weights": {
      "gp": 0.3,
      "nn": 0.16,
      "classification": 0.15,
      "novelty": 0.39
    },
    "novelty_floor_applied": 0.1649257996656813,
    "best_score": -5.515296692888216e+87,
    "best_constant": 0.003958916908862608,
    "best_length_scale": 0.004955297210251554,
    "best_noise_level": 3.52252693154924e-08,
    "linear_r2_cv_mean": -1.3818969552824315e+88,
    "svr_r2_cv_mean": -1.7504703540673375e+89,
    "mlp_r2_cv_mean": -1.2170611582047358e+89
  },
  "function_2": {
    "n_samples": 13,
    "n_dims": 2,
    "strategy": "explore",
    "ucb_kappa": 3.2,
    "best_y": 0.6112052157614438,
    "best_index": 9,
    "y_median": 0.2149645101004509,
    "y_std": 0.2455753770658896,
    "z_best": 1.6135196874997721,
    "acquisition": "ucb",
    "classification_threshold": 0.34463024329771247,
    "n_good_labels": 4,
    "n_bad_labels": 9,
    "support_vectors_count": 10,
    "support_vectors_near_boundary": [
      {
        "sample_index": 5,
        "output": 0.023105549798190586,
        "near_boundary_abs_decision": 0.02538677802343206
      },
      {
        "sample_index": 3,
        "output": 0.293992912410866,
        "near_boundary_abs_decision": 0.8509974468294126
      },
      {
        "sample_index": 1,
        "output": 0.42058623962798264,
        "near_boundary_abs_decision": 0.9995604488711183
      },
      {
        "sample_index": 4,
        "output": 0.2149645101004509,
        "near_boundary_abs_decision": 0.9996633508976922
      }
    ],
    "top_observed_outputs": [
      0.6112052157614438,
      0.5923279944289472,
      0.5389961189269181
    ],
    "chosen_candidate_score": 1.5097666841922683,
    "chosen_candidate_min_dist": 0.3628042094325212,
    "chosen_candidate_ei": 0.0037474618562825385,
    "chosen_candidate_ucb": 0.6631368169271741,
    "chosen_candidate_p_good": 0.5355656912027311,
    "chosen_candidate_grad_norm": 4.506755731511443,
    "chosen_candidate_top_grad_dims_1_based": [
      1,
      2
    ],
    "chosen_candidate_top_grad_values": [
      4.24891548374395,
      1.5025193627744557
    ],
    "weights": {
      "gp": 0.32,
      "nn": 0.18,
      "classification": 0.15,
      "novelty": 0.35
    },
    "novelty_floor_applied": 0.1733244156400693,
    "best_score": -1.611856629357404,
    "best_constant": 0.3381470005483193,
    "best_length_scale": 0.00030021100121601496,
    "best_noise_level": 7.229640507135312e-05,
    "linear_r2_cv_mean": -0.6413065112997477,
    "svr_r2_cv_mean": -3.9975464633260205,
    "mlp_r2_cv_mean": -3.76042806906714
  },
  "function_3": {
    "n_samples": 18,
    "n_dims": 3,
    "strategy": "explore",
    "ucb_kappa": 3.2,
    "best_y": -0.034835313350078584,
    "best_index": 3,
    "y_median": -0.10676955644431071,
    "y_std": 0.10188438353308106,
    "z_best": 0.7060379677409114,
    "acquisition": "ucb",
    "classification_threshold": -0.08858553029568542,
    "n_good_labels": 6,
    "n_bad_labels": 12,
    "support_vectors_count": 16,
    "support_vectors_near_boundary": [
      {
        "sample_index": 2,
        "output": -0.111414654295324,
        "near_boundary_abs_decision": 0.04351808399517809
      },
      {
        "sample_index": 5,
        "output": -0.11062091307282658,
        "near_boundary_abs_decision": 0.2378580089260438
      },
      {
        "sample_index": 9,
        "output": -0.09418956091057398,
        "near_boundary_abs_decision": 0.34332284636574084
      },
      {
        "sample_index": 12,
        "output": -0.11804825644688696,
        "near_boundary_abs_decision": 0.6411708794266526
      }
    ],
    "top_observed_outputs": [
      -0.034835313350078584,
      -0.036377828071632486,
      -0.04694740582651916
    ],
    "chosen_candidate_score": 1.7590608456143566,
    "chosen_candidate_min_dist": 0.4036773005051404,
    "chosen_candidate_ei": 0.022178444962037136,
    "chosen_candidate_ucb": 0.11817581853777243,
    "chosen_candidate_p_good": 0.5204429116249069,
    "chosen_candidate_grad_norm": 0.1955692476296784,
    "chosen_candidate_top_grad_dims_1_based": [
      3,
      2,
      1
    ],
    "chosen_candidate_top_grad_values": [
      0.18617901247179586,
      0.05945856518708986,
      -0.007027443301652053
    ],
    "weights": {
      "gp": 0.3,
      "nn": 0.16,
      "classification": 0.15,
      "novelty": 0.39
    },
    "novelty_floor_applied": 0.25640386335817184,
    "best_score": -0.1284136244404297,
    "best_constant": 0.0029424077419492813,
    "best_length_scale": 0.022784708296444516,
    "best_noise_level": 0.7294519428747244,
    "linear_r2_cv_mean": -0.8094807087560146,
    "svr_r2_cv_mean": -3.3861120704712078,
    "mlp_r2_cv_mean": -0.3543455914868571
  },
  "function_4": {
    "n_samples": 33,
    "n_dims": 4,
    "strategy": "explore",
    "ucb_kappa": 3.2,
    "best_y": 0.3278972963736142,
    "best_index": 32,
    "y_median": -16.02639976898352,
    "y_std": 8.29630760824454,
    "z_best": 1.971274190593522,
    "acquisition": "ucb",
    "classification_threshold": -12.751700925395518,
    "n_good_labels": 10,
    "n_bad_labels": 23,
    "support_vectors_count": 19,
    "support_vectors_near_boundary": [
      {
        "sample_index": 16,
        "output": -12.758324216781741,
        "near_boundary_abs_decision": 0.05018135143443336
      },
      {
        "sample_index": 19,
        "output": -13.702746938161251,
        "near_boundary_abs_decision": 0.20173453400279762
      },
      {
        "sample_index": 13,
        "output": -16.50715856428234,
        "near_boundary_abs_decision": 0.7860648283875806
      },
      {
        "sample_index": 9,
        "output": -12.741765988316185,
        "near_boundary_abs_decision": 0.92235118450564
      }
    ],
    "top_observed_outputs": [
      0.3278972963736142,
      -0.12540360231016434,
      -4.025542281908162
    ],
    "chosen_candidate_score": 1.4762367964786274,