{
  "function_1": {
    "best_y": 7.710875114502849e-16,
    "y_median": 3.6067711901420254e-81,
    "y_std": 0.0010366701219489613,
    "z_best": 7.438118405502268e-13,
    "acquisition": "ucb",
    "candidate_ei": 0.0002662902231169756,
    "candidate_ucb": 0.0017040495769229892,
    "candidate_min_dist": 0.10588425235828616,
    "candidate_bound_dist": 0.06125729318031048,
    "best_score": -7.852749380852715e+87,
    "best_constant": 0.19607629871664264,
    "best_length_scale": 2.625304620267015,
    "best_noise_level": 3.376744803995929e-07
  },
  "function_2": {
    "best_y": 0.6112052157614438,
    "y_median": 0.2149645101004509,
    "y_std": 0.22369642295358091,
    "z_best": 1.7713323281133402,
    "acquisition": "ucb",
    "candidate_ei": 0.035278682997580406,
    "candidate_ucb": 0.860664756407056,
    "candidate_min_dist": 0.10102163061017831,
    "candidate_bound_dist": 0.05057380733510464,
    "best_score": -0.9997913248703304,
    "best_constant": 0.19136806466881903,
    "best_length_scale": 0.010755303499249264,
    "best_noise_level": 1.5850157445102586e-08
  },
  "function_3": {
    "best_y": -0.034835313350078584,
    "y_median": -0.10829297440420418,
    "y_std": 0.10783966570688537,
    "z_best": 0.6811747845527256,
    "acquisition": "ucb",
    "candidate_ei": 0.03362929412421027,
    "candidate_ucb": 0.1678858013154989,
    "candidate_min_dist": 0.44730465988019014,
    "candidate_bound_dist": 0.05074528744454487,
    "best_score": -0.036433239644906856,
    "best_constant": 635.1549328872056,
    "best_length_scale": 2.936325845918147,
    "best_noise_level": 0.07669576646609111
  },
  "function_4": {
    "best_y": -4.025542281908162,
    "y_median": -16.053765110568296,
    "y_std": 7.352557193642961,
    "z_best": 1.6359237353583274,
    "acquisition": "ucb",
    "candidate_ei": 2.189158318616903,
    "candidate_ucb": -0.35394243109575063,
    "candidate_min_dist": 0.2227684220918243,
    "candidate_bound_dist": 0.36400751254940295,
    "best_score": 0.8104646921322418,
    "best_constant": 0.050137971536854294,
    "best_length_scale": 0.009897607382601828,
    "best_noise_level": 5.1358765873661005e-06
  },
  "function_5": {
    "best_y": 4665.965729200703,
    "y_median": 64.42014681963983,
    "y_std": 990.8634636505252,
    "z_best": 4.643975432728253,
    "acquisition": "ei",
    "candidate_ei": 1.5765127899255722,
    "candidate_ucb": 4700.651042017679,
    "candidate_min_dist": 0.04126891578415889,
    "candidate_bound_dist": 0.0,
    "best_score": -17.948848584178496,
    "best_constant": 3.039236130411217,
    "best_length_scale": 0.01589456077764167,
    "best_noise_level": 3.230519244168558e-07
  },
  "function_6": {
    "best_y": -0.7142649478202404,
    "y_median": -1.5360577085694833,
    "y_std": 0.44581408681488904,
    "z_best": 1.843353059165373,
    "acquisition": "ucb",
    "candidate_ei": 0.12530653802265837,
    "candidate_ucb": -0.047017658961475695,
    "candidate_min_dist": 0.5206933625076264,
    "candidate_bound_dist": 0.0003911258911862628,
    "best_score": 0.2196730106688092,
    "best_constant": 29.91669115237939,
    "best_length_scale": 0.003265204777320657,
    "best_noise_level": 3.616951320175106e-09
  },
  "function_7": {
    "best_y": 1.3649683044991994,
    "y_median": 0.07351630421016164,
    "y_std": 0.29944362392882856,
    "z_best": 4.312838534828809,
    "acquisition": "ei",
    "candidate_ei": 0.014356435454668578,
    "candidate_ucb": 1.5063862427380315,
    "candidate_min_dist": 0.0968000546181829,
    "candidate_bound_dist": 0.07564705264368485,
    "best_score": 0.07309925345436837,
    "best_constant": 0.12006009287797796,
    "best_length_scale": 1.242972263430531,
    "best_noise_level": 0.0001226358543122649
  },
  "function_8": {
    "best_y": 9.598482002566342,
    "y_median": 7.854540990501387,
    "y_std": 0.9575143878254505,
    "z_best": 1.8213209474851946,
    "acquisition": "ucb",
    "candidate_ei": 0.4654575023187467,
    "candidate_ucb": 10.741945990608116,
    "candidate_min_dist": 0.787635187985256,
    "candidate_bound_dist": 0.0625694564127782,
    "best_score": 0.8516581936916078,
    "best_constant": 0.0038111975959761613,
    "best_length_scale": 1.1479602134103706,
    "best_noise_level": 0.0013850903368360632
  }
}